30619.585,-3.1808,-0.7575,-1.9761,0.259429154,1.710601427,0.56254842
30619.604,-1.9615,5.4996,-1.5241,-0.012691131,1.247869521,0.665056065
30619.625,-1.6096,6.4599,-1.3433,-0.097380224,1.019673802,0.317767584
30619.644,-1.5241,2.0116,-1.3622,-0.152293578,0.832477064,-0.234046891
30619.664,-1.2028,-1.9242,-1.3775,-0.19841998,0.694342508,-0.280662589
30619.684,-1.4661,-2.0672,-1.2584,-0.196218145,0.675310907,-0.161325178
30619.705,-1.7031,-0.8827,-1.226,-0.305310907,0.715331295,0.338267074
30619.724,-1.901,-0.6988,-1.1637,0.12764526,0.45833843,0.096646279
30619.744,-1.9157,-1.4349,-0.7862,0.152538226,0.419531091,0.16204893
30619.764,-1.0476,-2.091,-0.4184,0.239908257,0.308735984,0.122273191
30619.785,-0.4197,-1.7477,-0.2321,0.268950051,0.233078491,0.011712538
30619.804,0.3421,-1.0434,-0.0593,0.213547401,0.219408767,-0.021478084
30619.825,1.0318,-0.5412,0.1142,0.158634047,0.284566769,0.112018349
30619.845,1.6353,0.0195,0.3977,0.017084608,0.471763507,0.409041794
30619.865,2.2266,0.314,0.8106,-0.262120285,0.785372069,0.64529052
30619.885,2.9358,0.4862,0.9908,-0.696055046,1.649337411,0.661396534
30619.905,3.3921,0.4801,1.0275,-0.74706422,2.248256881,1.803343527
30619.924,0.876,-0.4838,0.7416,-0.643577982,1.590764526,0.927665647
30619.944,-0.35,-2.6554,-0.9701,-0.579388379,0.408063201,0.033924567
30619.965,-0.1423,-0.1319,-1.6927,-0.903496432,0.577930683,0.145698267
30619.984,-0.4997,0.675,-1.7055,0.144729867,1.202956167,0.272609582
30620.004,0.113,1.408,-0.1057,0.355830785,1.39479103,0.076880734
30620.024,1.504,1.0482,0.5828,0.210621814,2.161131498,-0.523261978
30620.044,1.799,0.2382,0.5021,0.071508665,1.751355759,0.77756371
30620.065,-1.2761,0.1356,-0.4924,0.278960245,0.599408767,-0.143261978
30620.085,-1.0409,-0.4325,-0.504,0.548644241,0.200366972,0.03587156
30620.105,0.4319,-0.7727,0.4246,0.134964322,0.542782875,0.051987768
30620.124,1.1949,-0.6176,0.496,0.047104995,1.06116208,-0.601845056
30620.144,1.237,1.4007,1.0531,0.040265036,1.078735984,-0.143017329
30620.164,0.7477,3.1185,1.733,0.02587156,1.199051988,0.139357798
30620.184,0.8723,2.6609,2.0885,-0.046860347,1.322303772,-0.027573904
30620.204,1.5119,0.8577,1.9725,-0.622099898,1.123639144,0.192803262
30620.224,1.6035,-0.8094,1.2553,-0.258939857,0.927420999,0.246738022
30620.244,1.397,-1.1435,0.843,-0.073465851,0.913751274,-0.02440367
30620.264,1.5858,-0.9658,0.6976,-0.091763507,0.778786952,0.062477064
30620.284,1.4624,-1.2382,0.4038,-0.020988787,0.753649337,0.040265036
30620.304,1.5534,-1.1093,0.3445,-0.078583078,0.820275229,-0.055158002
30620.324,1.5559,-0.5797,0.2162,-0.05540265,0.841997961,-0.02440367
30620.345,1.4862,0.256,0.2474,-0.029286442,0.836136595,-0.029286442
30620.365,1.4532,0.8937,0.3305,-0.017573904,0.835891947,-0.05393476
30620.384,1.4105,1.2346,0.4123,0.045392457,0.850050968,0.17254842
30620.404,1.3378,1.1154,0.5211,0.013180428,0.970856269,0.202079511
30620.424,1.5119,0.7379,0.5822,-0.168644241,1.184413863,0.063211009
30620.444,1.4258,-0.08,0.7343,-0.295066259,1.155606524,-0.116656473
30620.464,0.7642,0.0501,0.8393,-0.303608563,1.059938838,-0.177675841
30620.484,0.0305,0.3549,0.6768,-0.086880734,1.052375127,-0.000733945
30620.505,-0.2553,0.1002,0.3574,-0.042711519,1.307410805,0.076636086
30620.524,-0.0788,-0.1655,-0.0684,-0.160101937,1.421875637,-0.09127421
30620.544,0.0342,-0.2889,-0.1949,-0.195249745,1.163669725,-0.210621814
30620.564,-0.5907,-0.1356,-0.2804,-0.042711519,1.148776758,0.192069317
30620.584,-1.9151,0.1289,-0.7306,0.296534149,1.112415902,0.304097859
30620.604,-2.7892,0.3286,-0.9371,0.395127421,1.282517839,-0.061253823
30620.624,-4.2247,-0.6316,-1.0275,0.15058104,1.429928644,-0.404648318
30620.644,-3.7635,-2.5614,-1.6616,0.082487258,1.691314985,-0.355107034
30620.664,-3.3885,-1.821,-2.047,0.3709684,2.105728848,0.516666667
30620.684,-2.9737,1.4777,-1.8277,0.097135576,1.651294597,0.720214067
30620.704,-1.9199,6.24,-1.4923,-0.089816514,1.17293578,0.687512742
30620.725,-1.697,6.7592,-1.3182,-0.084689093,0.955728848,0.039296636
30620.744,-1.5461,1.4942,-1.3824,-0.217940877,0.729001019,-0.333139653
30620.764,-1.2456,-2.0824,-1.5119,-0.131549439,0.553037717,-0.522528033
30620.784,-1.6157,-1.8607,-1.3598,-0.335086646,0.60891947,0.02587156
30620.804,-2.3555,-1.5375,-1.0049,-0.363893986,0.653832824,0.704108053
30620.824,-2.3451,-1.6499,-0.722,0.179867482,0.422222222,0.020010194
30620.845,-1.474,-1.7947,-0.1839,0.115443425,0.407329256,0.138379205
30620.865,-1.1106,-1.9096,-0.0605,0.17254842,0.327278287,0.094699286
30620.884,-0.4386,-1.5064,0.1307,0.264067278,0.272120285,-0.073221203
30620.904,0.3018,-1.2144,0.3775,0.371457696,0.23185525,-0.084199796
30620.925,0.9157,-0.6738,0.6035,0.285056065,0.272120285,0.20841998
30620.944,1.427,-0.0061,0.7086,0.086636086,0.419775739,0.551569827
30620.964,2.463,0.35,0.8485,-0.424658512,0.915219164,0.886901121
30620.984,3.2791,0.4563,0.6976,-1.027971458,2.013231397,1.195147808
30621.004,2.2284,0.5663,0.5864,-0.972079511,2.333679918,1.852884811
30621.024,-0.3965,-1.5266,-0.0476,-0.312150866,1.174892966,0.643577982
30621.044,-0.2187,-2.3408,-0.8815,-0.052956167,0.729734964,0.173037717
30621.064,-0.0031,-0.2334,-1.2627,0.161325178,1.145361876,0.139847095
30621.084,-0.2694,0.6689,-1.0183,0.456391437,1.516819572,0.141549439
30621.104,-0.0092,1.0989,0.0055,-0.051498471,1.739398573,-0.149123344
30621.124,0.9737,0.9047,0.3091,-0.260652396,1.193679918,0.054668705
30621.145,-0.8699,0.8247,-0.5968,-0.062721713,0.378042813,0.36706422
30621.165,-0.5186,1.3292,-0.7117,0.221600408,0.297013252,-0.172303772
30621.184,0.6781,0.1032,0.0214,-0.013425076,0.731926606,0.255280326
30621.204,0.7055,0.146,0.7538,0.073944954,1.179775739,-0.349490316
30621.224,0.7935,1.5687,1.4233,0.169622834,1.084831804,-0.041977574
30621.244,0.6964,2.8234,1.8857,0.132283384,1.167329256,0.100550459
30621.264,1.1197,2.1234,1.9652,-0.268216106,1.164638124,0.06687054
30621.285,1.8833,0.6561,1.7098,-0.534729867,1.02235474,0.214281346
30621.304,1.2358,0.9163,0.7605,-0.100795107,1.04579001,0.224291539
30621.324,1.1564,-0.0867,0.81,-0.069072375,0.978664628,0.054913354
30621.344,1.3799,-1.2443,0.6884,-0.126422018,0.869571865,0.131304791
30621.365,1.3354,-1.4227,0.6041,-0.133496432,0.787818552,0.075902141
30621.385,1.4618,-1.2266,0.5693,-0.1117737,0.774148828,-0.116411825
30621.405,1.6414,-0.7624,0.4691,-0.061019368,0.798063201,-0.041977574
30621.425,1.6096,-0.0745,0.3891,-0.037094801,0.841753313,0.077614679
30621.444,1.5534,0.3696,0.3616,-0.020988787,0.899836901,0.030509684
30621.464,1.6359,0.6622,0.3873,0.012446483,0.901549439,0.020010194
30621.484,1.5467,0.9908,0.537,0.024648318,0.80733945,0.147410805
30621.505,1.3867,1.0599,0.6206,-0.079317023,0.958165138,0.098358818
30621.524,1.2602,0.9609,0.6787,-0.248450561,1.234933741,0.046860347
30621.544,0.8803,0.5437,0.7416,-0.352171254,1.114607543,-0.090784913
30621.564,0.2663,0.3708,0.7019,-0.2045158,1.005025484,-0.026850153
30621.585,-0.2346,-0.124,0.5223,-0.076146789,1.209796126,0.153027523
30621.604,-0.3042,-0.6267,0.1338,-0.145219164,1.427981651,-0.194026504
30621.624,-0.0733,-0.3409,-0.2334,-0.25235474,1.226636086,-0.056625892
30621.644,-1.4282,0.1387,-0.391,-0.154974516,1.202466871,0.206717635
30621.664,-2.4038,-0.0275,-0.6316,0.250163099,1.220285423,0.204760449
30621.684,-3.2461,-0.0318,-0.8137,0.396106014,1.461172273,0.067115189
30621.704,-3.9291,-0.8271,-1.16,0.12470948,1.570509684,-0.120316004
30621.724,-3.7971,-1.9615,-1.6958,-0.027094801,1.743792049,-0.376340469
30621.745,-3.3078,-1.5064,-1.9768,0.09030581,1.819204893,-0.168154944
30621.765,-2.9352,1.0409,-1.7006,0.256014271,1.516085627,0.631865443
30621.785,-2.1386,4.5687,-1.2413,-0.136432212,1.143893986,0.679704383
30621.804,-0.9988,5.8032,-1.262,-0.26675841,0.991121305,0.284087666
30621.824,-1.1875,0.0153,-1.6463,-0.227217125,0.807828746,-0.133496432
30621.844,-1.0702,-2.7489,-1.664,-0.136911315,0.657492355,-0.2872579
30621.864,-1.1777,-2.0971,-1.573,-0.012691131,0.482986748,-0.534485219
30621.884,-1.485,-1.5504,-1.471,-0.090540265,0.55351682,0.170356779
30621.905,-1.89,-1.992,-1.0208,0.135453619,0.4727421,0.286523955
30621.924,-1.3561,-1.9535,-0.5278,0.134719674,0.435158002,0.182313965
30621.944,-0.8717,-2.0348,-0.4386,0.197441386,0.343139653,0.119347604
30621.964,-0.2321,-1.7813,-0.182,0.272364934,0.274811417,0.053690112
30621.985,0.3635,-1.3024,0.0929,0.234291539,0.288236493,0.063455657
30622.004,1.1338,-0.1967,0.4753,0.122762487,0.378287462,0.181090724
30622.024,1.5864,0.245,0.8143,0.063944954,0.506422018,0.409531091
30622.044,2.0336,0.6182,1.2095,-0.217940877,0.824913354,0.607217125
30622.065,2.5326,0.8222,1.2126,-0.841264016,1.592477064,1.097522936
30622.084,1.959,0.3787,0.9456,-0.9645158,2.212619776,1.464587156
30622.104,0.2236,-1.2278,0.672,-0.504220183,1.602966361,0.931569827
30622.125,-0.2456,-2.2608,-0.0959,-0.14667686,0.729001019,0.455412844
30622.144,-0.0128,-0.7147,-0.9676,-0.306044852,0.949622834,0.539367992
30622.164,-0.0654,0.2272,-1.1606,0.322884811,0.91814475,0.302629969
30622.184,0.5113,0.4569,0.0391,-0.054668705,1.148287462,-0.128858308
30622.205,1.314,0.2523,0.3225,-0.094454638,1.42529052,-0.432466871
30622.224,1.419,0.1759,0.6188,0.134475025,1.408695209,-0.118858308
30622.245,0.3855,0.4007,0.2382,-0.073465851,1.035535168,0.498848114
30622.264,-0.0666,1.4563,-0.5162,0.167176351,0.50617737,0.005616718
30622.284,0.7098,0.6781,-0.2828,0.33069317,0.674087666,0.318735984
30622.304,0.4881,-0.361,0.5211,0.032945973,1.063109072,-0.097624873
30622.325,0.7245,-0.5657,1.0263,0.071508665,1.134617737,-0.439796126
30622.344,1.0818,0.8864,1.3952,0.007808359,1.058236493,-0.321916412
30622.364,1.0232,1.0305,1.3115,-0.231365953,1.001121305,-0.023180428
30622.385,1.1301,0.0678,1.1387,-0.365351682,0.820030581,0.303363914
30622.404,1.4587,-0.3445,1.0531,-0.105922528,0.955728848,0.242589195
30622.424,1.4545,0.5907,0.7489,-0.07833843,1.037971458,0.115198777
30622.445,1.3329,0.4588,0.4618,-0.126911315,0.942793068,0.064189602
30622.464,1.2382,-0.2932,0.2712,-0.057594292,0.844678899,-0.001223242
30622.484,1.1845,-1.0366,0.2804,-0.050030581,0.829551478,-0.070530071
30622.505,1.0446,-1.0647,0.4068,-0.086391437,0.85883792,-0.035147808
30622.524,0.9163,-0.5822,0.4105,-0.071508665,0.903985729,-0.013180428
30622.544,1.0128,-0.0538,0.4252,-0.044658512,0.880805301,-0.031488277
30622.564,1.193,0.4191,0.416,0,0.836136595,0.017329256
30622.584,1.2895,0.7526,0.3885,0.020010194,0.915463812,0.086880734
30622.604,1.4142,0.8375,0.4032,0.029775739,1.040907238,0.15351682
30622.624,1.5974,0.6457,0.526,-0.122028542,1.096788991,0.13520897
30622.644,1.6481,0.2902,0.6597,-0.222823649,1.07019368,-0.107380224
30622.664,1.3384,0.3897,0.785,-0.29116208,1.09312946,-0.046860347
30622.685,-0.1081,0.5779,0.5516,-0.179133537,1.046513761,0.049541284
30622.704,-0.4172,-0.157,0.3403,-0.133007136,1.288868502,0.06077472
30622.724,-0.3012,-0.6829,0.0837,-0.210621814,1.383557594,-0.226238532
30622.744,-0.2975,-0.7117,-0.1063,-0.228929664,1.354026504,-0.085912334
30622.764,-1.0476,-0.5993,-0.2334,-0.081518858,1.2527421,0.045392457
30622.784,-1.8497,-0.5284,-0.526,0.361692151,1.323037717,0.032945973
30622.805,-2.5412,-0.3348,-0.661,0.517889908,1.358909276,-0.045147808
30622.825,-3.6945,-0.5168,-0.697,0.156931702,1.419194699,-0.352415902
30622.844,-3.7538,-1.4398,-1.3341,0.057349643,1.579296636,-0.33069317
30622.864,-3.0782,0.2761,-1.606,0.315076453,1.567584098,0.458093782
30622.884,-2.4709,3.0177,-1.2663,0.051253823,1.333771662,0.556697248
30622.904,-1.3299,5.1869,-1.1668,-0.188899083,1.101916412,0.403914373
30622.924,-1.554,4.113,-1.2651,-0.033190622,0.876167176,-0.035147808
30622.944,-1.7654,-0.0257,-1.1997,0.010733945,0.726075433,-0.234046891
30622.964,-1.653,-2.0629,-1.0782,-0.027818552,0.691906218,-0.190611621
30622.985,-1.7691,-1.3299,-1.1503,0.078827727,0.528868502,-0.267971458
30623.004,-1.8857,-0.5321,-1.372,0.036116208,0.63235474,0.11714577
30623.025,-1.5669,-1.4691,-1.1399,-0.000489297,0.626982671,0.24088685
30623.045,-1.1765,-1.5766,-0.9652,0.060530071,0.548888889,0.213792049
30623.064,-0.6726,-1.3066,-0.8021,0.074678899,0.443944954,0.084933741
30623.084,-0.0715,-1.201,-0.6432,0.143751274,0.338022426,-0.017329256
30623.104,0.4801,-1.1509,-0.339,0.129102956,0.254067278,0.015861366
30623.125,0.9737,-0.6927,0,0.029286442,0.315565749,0.181824669
30623.144,1.4545,-0.3311,0.328,0.02587156,0.482986748,0.466880734
30623.164,2.0323,-0.0134,0.8357,-0.215749235,0.804413863,0.59988787
30623.184,2.7519,0.3757,1.0427,-0.557675841,1.553914373,0.875433231
30623.205,2.146,0.0428,1.1258,-0.53814475,2.121834862,1.498756371
30623.224,0.2731,-2.1258,0.6457,-0.486646279,1.575147808,0.91814475
30623.245,-0.1368,-1.8405,-0.5522,-0.59891947,0.735341488,0.406116208
30623.264,-0.1161,0.1454,-1.3525,-0.552059123,1.003812436,0.374138634
30623.284,-0.2834,0.9804,-1.3024,0.104454638,1.348909276,0.147655454
30623.304,0.0177,1.0495,-0.2645,0.078827727,1.714994903,-0.526921509
30623.325,0.7416,0.5455,0.1582,0.275300714,1.539021407,-0.210132518
30623.344,0.1417,0.3598,0.1741,-0.08883792,0.533506626,0.569877676
30623.364,-0.54,-0.036,-0.6084,0.265535168,0.307512742,-0.055158002
30623.385,0.7489,-0.7789,-0.0324,0.104454638,0.651630989,-0.033679918
30623.404,0.9878,-0.8106,0.631,0.159123344,1.133404689,-0.414892966
30623.425,1.0727,0.9346,1.2798,0.248205912,1.07019368,-0.139357798
30623.445,0.9982,2.5522,1.7013,0.142038736,1.105820591,0.087370031
30623.464,1.2761,2.0959,1.7544,-0.10030581,1.148776758,0.022945973
30623.484,1.8918,0.4643,1.5333,-0.416116208,1.028460754,-0.02196738
30623.504,1.8631,-0.3457,1.0379,-0.049785933,1.029673802,0.295310907
30623.524,1.0873,-0.2346,0.7752,-0.080050968,1.009663609,0.052711519
30623.544,1.3121,-1.1747,0.5418,-0.204760449,0.846880734,0.039051988
30623.564,1.2993,-1.4337,0.4313,-0.084933741,0.742181448,0.082008155
30623.584,1.3738,-1.4368,0.5082,-0.063455657,0.808807339,-0.075657492
30623.604,1.4838,-0.7691,0.4575,-0.106901121,0.840040775,-0.117879715
30623.625,1.3103,0.0342,0.38,-0.061253823,0.844923547,-0.073944954
30623.645,1.1313,0.3946,0.3793,-0.003659531,0.874454638,-0.003170234
30623.664,1.1686,0.485,0.3433,0.018552497,0.876167176,0.141304791
30623.684,1.3531,0.5693,0.3122,0.01293578,0.953527013,0.153272171
30623.705,1.766,0.7532,0.4459,-0.024159021,1.000632008,0.177431193
30623.725,1.7666,0.4533,0.6347,-0.216727829,1.145117227,-0.052956167
30623.745,1.361,0.303,0.7404,-0.279928644,1.104852192,-0.060040775
30623.765,0.2456,0.54,0.5767,-0.119347604,1.026014271,-0.048083588
30623.784,-0.3097,0.1924,0.3775,-0.032212029,1.091916412,0.120560652
30623.804,-0.3574,-0.2663,0.0556,0.015127421,1.368674822,0.125932722
30623.825,-0.1936,-0.2547,-0.124,-0.143506626,1.400397554,-0.166931702
30623.844,-0.4233,0.2022,-0.1539,-0.205739042,1.081906218,0.03343527
30623.865,-1.7397,0.2761,-0.2676,0.076146789,1.074587156,-0.020988787
30623.885,-3.0397,-0.4319,-0.4074,0.31922528,1.378674822,-0.03196738
30623.904,-3.9352,-0.6084,-0.7049,0.149847095,1.580754332,-0.13911315
30623.924,-3.7825,-1.5253,-1.5785,-0.01440367,1.718654434,-0.372915392
30623.944,-3.124,-1.0647,-2.1954,0.099816514,1.892171254,-0.169622834
30623.964,-2.8246,1.1997,-2.0238,0.478593272,1.730122324,0.775616718
30623.984,-2.3812,4.4599,-1.4752,0.102262997,1.242986748,0.80490316
30624.004,-1.6054,5.8154,-1.4294,-0.075657492,1.020652396,0.261630989
30624.025,-1.5852,2.383,-1.6176,-0.160835882,0.772201835,-0.25479103
30624.044,-1.4245,-1.4032,-1.62,-0.15058104,0.586962283,-0.298970438
30624.064,-1.8466,-0.9126,-1.328,0.106411825,0.57304791,-0.344607543
30624.084,-2.0641,-0.4801,-1.1832,-0.412701325,0.734373089,0.578664628
30624.104,-2.6536,-1.7605,-1.2144,0.186707441,0.482252803,0.009276249
30624.124,-1.7941,-1.8876,-0.4423,0.025626911,0.52520897,0.312150866
30624.144,-1.6292,-1.912,-0.4172,0.102018349,0.429785933,0.1945158
30624.164,-0.9413,-1.5003,-0.2028,0.18158002,0.328746177,0.057594292
30624.184,-0.1466,-1.4563,0.0452,0.24088685,0.243812436,-0.020254842
30624.204,0.6133,-1.0354,0.2676,0.152538226,0.20988787,0.075657492
30624.224,1.5412,-0.3073,0.576,0.095912334,0.314342508,0.40196738
30624.244,2.1362,0.1332,0.8723,-0.231365953,0.579143731,0.785372069
30624.264,2.9969,0.4288,0.8766,-0.697023445,1.291304791,0.923761468
30624.285,3.3463,0.2144,0.9517,-0.490795107,2.194811417,1.199296636
30624.304,1.6701,-0.9169,1.058,-0.259673802,2.135993884,1.221264016
30624.324,-0.0458,-1.7904,-0.1002,-0.126911315,1.037726809,0.507635066
30624.345,0.0806,-0.6939,-0.7892,-0.17254842,0.921070336,0.145698267
30624.365,-0.1405,0.6982,-1.0446,0.154240571,1.396004077,0.399765545
30624.385,-0.6457,1.2999,-0.515,0.09127421,1.799673802,0.135453619
30624.404,0.1576,1.033,0.3354,-0.192803262,1.295453619,-0.167420999
30624.424,-0.6158,0.3592,-0.0153,-0.053200815,0.412945973,0.200611621
30624.445,-0.6158,0.3861,-0.4288,0.112996942,0.258216106,-0.37243629
30624.465,0.6964,0.0617,-0.0825,-0.042956167,0.642844037,0.070040775
30624.485,1.0678,0.3305,0.4606,0.061498471,1.054811417,-0.32312946
30624.504,1.1234,1.5479,1.1435,0.194271152,1.062864424,-0.038807339
30624.524,0.9493,2.686,1.7214,0.148389399,1.16146789,0.272609582
30624.544,1.1796,2.4178,1.8741,-0.002680938,1.204424057,-0.030265036
30624.564,2.3543,0.2364,1.4826,-0.475667686,1.02382263,-0.037584098
30624.584,1.6267,-0.2999,0.6585,-0.075657492,1.007716616,0.270417941
30624.604,0.9664,-0.879,0.6347,-0.031488277,1.025524975,0.051743119
30624.625,1.2309,-1.5614,0.4985,-0.123496432,0.857125382,0.073944954
30624.645,1.3286,-1.3677,0.2975,-0.096156983,0.740224261,0.085912334
30624.665,1.4282,-0.9004,0.3256,-0.029531091,0.756330275,-0.020010194
30624.685,1.5638,-0.5449,0.347,-0.080540265,0.870550459,-0.027818552
30624.704,1.46,-0.1527,0.3305,-0.062966361,0.928878695,0.00243629
30624.725,1.2706,0.1344,0.3506,-0.022456677,0.915942915,-0.039296636
30624.744,1.2394,0.6567,0.3225,-0.022212029,0.879092762,0.010978593
30624.764,1.2156,0.8827,0.2926,-0.017084608,0.820519878,0.15204893
30624.784,1.2737,0.8186,0.4062,-0.03196738,0.847614679,0.103965341
30624.804,1.4386,0.5363,0.6035,-0.112752294,0.995025484,0.036360856
30624.824,1.3726,0.1148,0.7746,-0.186462793,1.190020387,-0.050275229
30624.844,1.0409,-0.0513,0.7862,-0.179378186,1.058960245,-0.02587156
30624.865,0.5596,0.0232,0.6329,-0.086391437,1.035779817,-0.06077472
30624.884,0.1778,0.3054,0.3824,-0.058572885,1.292283384,0.167176351
30624.904,-0.0483,-0.0415,-0.0409,-0.20841998,1.471906218,-0.231365953
30624.924,0.0586,-0.1753,-0.1283,-0.234046891,1.388440367,-0.225259939
30624.944,-0.6799,-0.3122,-0.1038,-0.288470948,1.23224261,0.015861366
30624.964,-1.5094,-0.058,-0.3952,0.079072375,1.259582059,0.074923547
30624.984,-2.3659,0.5064,-0.7746,0.613068298,1.313027523,0.141549439
30625.004,-3.642,-0.1319,-0.8919,0.226727829,1.356228338,-0.267482161
30625.024,-3.8124,-2.2535,-1.4612,0.104699286,1.490948012,-0.271396534
30625.044,-3.5033,-2.5797,-1.7697,0.245769623,1.603700306,0.236738022
30625.064,-3.2058,-0.1863,-1.5711,-0.078827727,1.253965341,0.384882773
30625.084,-1.8619,5.342,-1.3476,-0.140825688,1.143649337,0.316788991
30625.105,-1.3152,5.6181,-1.2211,-0.155953109,1.124617737,0.18304791
30625.124,-1.518,1.8509,-1.3207,-0.143506626,0.97988787,-0.022212029
30625.144,-1.8491,-1.876,-1.3702,-0.112752294,0.886167176,-0.034658512
30625.164,-1.876,-2.2455,-1.2199,-0.072731906,0.808562691,-0.062721713
30625.184,-1.6518,-0.9988,-1.2242,-0.214525994,0.774148828,0.461508665
30625.204,-1.6273,-0.8406,-1.2162,0.212334353,0.554495413,0.057104995
30625.224,-1.6732,-1.5583,-0.9236,0.224046891,0.45687054,0.234291539
30625.245,-1.2272,-1.6921,-0.6707,0.215749235,0.356075433,0.210377166
30625.264,-0.2419,-1.1839,-0.3916,0.211845056,0.233802243,0.103720693
30625.284,0.4856,-0.6261,-0.0409,0.121783894,0.189633028,0.031722732
30625.304,1.1069,-0.124,0.3317,0.082731906,0.227217125,0.118369011
30625.325,1.6029,0.2083,0.8222,0.035392457,0.389755352,0.416605505
30625.344,2.0885,0.4099,1.2963,-0.324108053,0.758776758,0.759510703
30625.364,2.7428,0.4111,1.3861,-0.825647299,1.804311927,0.945718654
30625.384,2.7532,-0.1649,1.3396,-0.813445464,2.343190622,1.895351682
30625.405,0.0538,-1.9743,0.9511,-0.646748216,1.383802243,0.636992864
30625.424,-0.1234,-1.011,-0.9902,-0.263333333,0.449551478,-0.379266055
30625.445,-0.1472,0.9047,-1.4862,0.070530071,1.060917431,-0.235025484
30625.464,-0.449,1.0751,-0.9798,0.53667686,1.341335372,-0.051987768
30625.485,-0.0648,1.0867,-0.0257,0.245035678,1.681794088,-0.283109072
30625.504,0.4197,0.7953,0.1161,-0.023914373,1.427492355,1.572945973
30625.524,-1.1802,0.9383,-0.4001,0.071019368,0.580122324,-0.166442406
30625.545,-0.8748,-0.325,-0.5345,0.357298675,0.513741081,-0.241376147
30625.564,-0.0776,-0.4032,0.628,0.102507645,0.78049949,-0.124464832
30625.584,0.7068,0.1509,0.9652,0.147655454,0.989408767,-0.472986748
30625.604,1.4349,2.0708,1.4991,0.013914373,1.116809378,0.079561672
30625.625,1.2028,2.7141,1.8094,-0.13764526,1.275198777,0.281151886
30625.644,1.722,2.0794,1.9371,-0.263333333,1.241763507,-0.12861366
30625.664,2.1032,1.1936,1.4099,-0.662619776,1.074342508,0.090061162
30625.685,1.7037,0.0733,0.6231,-0.095667686,0.935229358,0.187675841
30625.704,1.4734,-0.923,0.7416,-0.031243629,0.904964322,0.151804281
30625.724,1.4471,-1.6151,0.6805,-0.035637105,0.804658512,0.121294597
30625.744,1.4319,-1.5443,0.5858,-0.05783894,0.723873598,0.045147808
30625.765,1.6408,-1.025,0.4435,-0.056136595,0.74706422,-0.106901121
30625.784,1.631,-0.6756,0.3549,-0.066381244,0.818572885,-0.095178389
30625.804,1.3653,0.0061,0.2926,-0.031488277,0.836136595,0.000489297
30625.824,1.2285,0.595,0.3018,-0.001712538,0.863720693,-0.0090316
30625.844,1.3555,0.8515,0.3519,0.036360856,0.829062181,0.034413863
30625.865,1.4478,0.876,0.4649,-0.001712538,0.88714577,0.110805301
30625.884,1.4649,0.7996,0.5651,-0.068827727,1.017716616,0.085667686
30625.904,1.4783,0.6035,0.7251,-0.144729867,1.109235474,0.077125382
30625.925,1.3079,0.3555,0.876,-0.306289501,1.141213048,0.002680938
30625.945,0.5956,0.5962,0.7074,-0.297013252,1.059449541,-0.012446483
30625.965,-0.1393,0.8454,0.3372,-0.003170234,1.169520897,0.022456677
30625.984,-0.4844,0.193,-0.1026,-0.074434251,1.442619776,-0.059062181
30626.004,-0.8008,-0.2388,-0.5211,-0.222823649,1.285453619,-0.046860347
30626.024,-1.8766,-0.1271,-0.46,-0.058083588,1.373802243,0.127155963
30626.044,-3.0048,-0.4979,-0.5712,0.408552497,1.553180428,0.143751274
30626.064,-3.8179,-0.8051,-0.92,0.147655454,1.534383282,-0.030754332
30626.084,-4.1979,-1.7532,-1.6444,0.018797146,1.705474006,-0.442966361
30626.104,-3.4544,-1.3946,-2.0024,0.248450561,1.916340469,-0.02587156
30626.124,-3.0617,2.1002,-1.4368,0.692395515,1.328888889,0.827594292
30626.144,-1.5925,6.2418,-0.9481,-0.087859327,1.060183486,0.433690112
30626.164,-0.9212,6.1997,-1.2309,-0.25479103,0.95401631,0.088593272
30626.184,-1.7917,1.967,-1.2853,-0.069072375,0.857614679,-0.297013252
30626.204,-1.8045,-1.9401,-0.8008,-0.14667686,0.777074414,-0.246014271
30626.225,-1.9719,-2.5381,-0.6158,-0.288236493,0.834678899,0.041732926
30626.244,-2.0464,-1.1716,-0.8558,-0.106411825,0.705321101,0.150336391
30626.265,-1.7697,-0.2969,-0.9389,0.164984709,0.533506626,0.126911315
30626.284,-1.394,-1.5107,-0.5797,0.171569827,0.43540265,0.214525994
30626.304,-0.9719,-1.9792,-0.4759,0.214281346,0.298236493,0.082976555
30626.324,-0.1429,-1.6188,-0.2731,0.228440367,0.20745158,-0.0190316
30626.345,0.6249,-1.0757,0.0483,0.192803262,0.14814475,-0.008297655
30626.365,1.1802,-0.551,0.416,0.164495413,0.208909276,0.139357798
30626.385,1.6261,0.0831,0.7929,0.10714577,0.373160041,0.431977574
30626.404,2.1386,0.573,1.1417,-0.275056065,0.804658512,0.774882773
30626.425,2.8014,0.4838,1.1203,-0.801732926,1.781865443,1.12412844
30626.445,2.8625,-0.1173,1.0745,-0.868114169,2.312446483,1.553180428
30626.464,-0.5767,-2.5888,0.0446,-0.503975535,1.373312946,0.831019368
30626.484,-0.6964,-2.7519,-0.9768,-0.235514781,0.622589195,0.384638124
30626.504,-0.3543,-0.6041,-1.2944,-0.026850153,1.061651376,0.220632008
30626.524,-0.2847,0.7159,-1.1478,0.502273191,1.685219164,0.322884811
30626.544,0.146,0.7074,-0.19,-0.208664628,1.940744139,-0.519357798
30626.564,0.7135,-0.0269,-0.0342,-0.134230377,1.152925586,0.805392457
30626.584,-1.3708,1.1222,-0.8161,0.436126402,0.234046891,-0.067604485
30626.604,-1.1307,0.088,-0.5009,0.285300714,0.402691131,0.087125382
30626.624,0.2712,-1.7135,0.7098,0.167665647,1.027237513,-0.609653415
30626.644,0.8564,-0.0183,1.4532,0.264801223,1.01332314,-0.537166157
30626.665,0.7037,2.0696,1.7489,0.01440367,1.259582059,-0.067115189
30626.684,0.8253,2.0458,1.6377,-0.260897044,1.373802243,0.350468909
30626.705,1.5754,0.9236,1.5889,-0.408552497,1.190265036,0.060285423
30626.725,2.5797,0.0623,1.2718,-0.490316004,0.960122324,0.305800204
30626.744,2.1112,1.3531,0.314,0.008297655,0.93351682,0.252110092
30626.765,1.6805,0.7477,0.3806,-0.01049949,0.867135576,0.076880734
30626.784,1.6952,-1.6567,0.4184,0.002925586,0.713384302,0.086880734
30626.804,1.6212,-2.4917,0.4337,-0.001712538,0.700203874,-0.067115189
30626.824,1.7269,-1.4795,0.3812,-0.024648318,0.763904179,-0.054179409
30626.844,1.6994,-0.306,0.2804,-0.03343527,0.828328236,0.047594292
30626.864,1.7074,0.441,0.2578,-0.032212029,0.829062181,-0.043690112
30626.884,1.7636,0.5901,0.3335,0.035392457,0.820030581,-0.063455657
30626.904,1.6188,0.5192,0.4795,0.094699286,0.909602446,0.056136595
30626.924,1.361,0.3128,0.5687,0.083955148,0.96304791,0.080784913
30626.944,1.2602,0.1833,0.5944,0.160346585,0.954505607,0.137400612
30626.964,1.1955,0.3409,0.6665,-0.154485219,1.139989806,0.092497452
30626.985,1.0324,0.6426,0.5889,-0.410020387,1.145361876,-0.128379205
30627.004,0.4007,1.262,0.661,-0.361202854,1.017716616,0.101039755
30627.024,-0.3604,1.0672,0.5253,-0.241131498,1.016503568,0.124464832
30627.044,-0.3922,0.2841,0.2004,-0.167665647,1.326697248,0.044179409
30627.064,-0.6219,-0.0397,-0.0739,-0.253088685,1.206126402,0.073221203
30627.085,-1.4618,-0.1869,-0.2657,-0.036360856,1.058481142,-0.015127421
30627.105,-2.4148,-0.6212,-0.4942,0.473476045,1.249816514,0.56401631
30627.124,-4.0329,-0.3738,-0.686,0.4817737,1.571977574,0.591834862
30627.144,-4.4343,-0.2126,-1.237,-0.015372069,1.77185525,-0.763170234
30627.164,-2.5626,-1.967,-2.1796,0.153272171,2.083027523,-0.911549439
30627.184,-2.2278,0.0165,-2.4459,0.302385321,2.053741081,0.464444444
30627.204,-2.2187,4.3475,-2.3256,0.076636086,1.261039755,1.284719674
30627.225,-1.7147,6.0488,-1.799,-0.081029562,1.107533129,0.558644241
30627.244,-1.6225,3.1429,-1.3964,0.103476045,0.989408767,-0.015616718
30627.265,-1.1429,-0.2773,-1.0434,0.049051988,0.807584098,-0.360224261
30627.284,-0.6072,-2.1484,-0.8247,-0.128379205,0.713384302,-0.225749235
30627.304,-0.7911,-2.4056,-1.0085,-0.290183486,0.688481142,0.070285423
30627.324,-1.2217,-0.5437,-1.3054,-0.085178389,0.587196738,0.142528033
30627.345,-1.1032,-0.5553,-0.9047,0.168644241,0.41733945,0.013180428
30627.364,-0.8845,-1.8295,-0.5431,0.169622834,0.28579001,0.029286442
30627.384,-0.5339,-2.364,-0.4374,0.160346585,0.205249745,0.070040775
30627.405,0.0428,-1.9835,-0.2523,0.25382263,0.17108053,-0.032212029
30627.425,0.7477,-1.3158,0.0513,0.251620795,0.20598369,-0.000978593
30627.445,1.2346,-0.7227,0.3439,0.164740061,0.329480122,0.180846075
30627.465,1.6811,-0.3176,0.5883,-0.000244648,0.62941896,0.410744139
30627.485,2.5693,0.2053,0.9248,-0.534729867,1.427247706,0.708746177
30627.504,2.9083,-0.0678,0.9346,-0.805147808,2.260703364,1.370866463
30627.524,0.3384,-1.8454,0.6463,-0.748766565,1.968807339,1.60980632
30627.544,-1.3836,-3.8112,-0.6384,-0.175474006,0.647971458,0.942793068
30627.564,-0.5156,-0.8766,-1.0629,-0.126666667,0.510570846,0.422711519
30627.584,0.0855,1.4917,-1.3494,0.379021407,1.104607543,0.05783894
30627.604,0.0586,1.8387,-0.7856,0.299704383,1.188073394,-0.16108053
30627.624,0.5089,1.2364,0.168,0.119102956,1.59540265,-0.509102956
30627.644,0.7544,0.0073,0.6316,-0.545953109,2.272415902,1.063598369
30627.664,-0.8913,0.4178,-0.1014,0.094933741,0.899102956,-0.674332314
30627.684,-0.9029,0.0886,-0.2865,0.21648318,0.45224261,-0.23185525
30627.704,-0.3934,-0.584,0.2749,0.105922528,0.494464832,-0.089327217
30627.724,0.73,-0.4673,0.5944,0.100061162,0.878114169,-0.274077472
30627.744,1.449,0.3403,0.956,0.005372069,1.257624873,0.039296636
30627.764,1.4117,1.6585,1.2657,-0.096890928,1.301559633,0.2872579
30627.785,1.2639,2.8845,1.3683,-0.05930683,1.206615698,-0.000244648
30627.805,1.5186,2.7269,1.2199,-0.293109072,1.001365953,-0.099327217
30627.825,1.5919,-0.463,0.6884,-0.13667686,0.840285423,0.149847095
30627.844,1.2987,-1.8216,0.7428,0.047349643,0.84077472,0.079072375
30627.864,1.3335,-1.9071,0.7135,-0.068583078,0.764138634,0.091763507
30627.884,1.4679,-1.3512,0.5803,-0.056860347,0.753160041,0.088348624
30627.904,1.6084,-0.584,0.653,-0.068827727,0.855667686,0.041732926
30627.925,1.6567,0.0922,0.6371,-0.104943935,0.886411825,0.04490316
30627.944,1.6145,0.4148,0.5357,-0.086880734,0.876656473,0.02587156
30627.965,1.5467,0.6035,0.5284,-0.058083588,0.874454638,0.033679918
30627.984,1.4197,0.6897,0.551,0.000733945,0.852976555,0.110071356
30628.004,1.212,0.6066,0.628,0.027094801,0.827349643,0.128134557
30628.024,1.1533,0.4123,0.6738,-0.036605505,0.944750255,0.17254842
30628.044,1.0702,0.0599,0.7055,-0.353149847,1.134862385,0.003170234
30628.064,0.9157,-0.0116,0.7465,-0.396839959,1.057013252,-0.210866463
30628.084,0.3451,0.4447,0.7672,-0.212089704,0.95695209,0.012691131
30628.105,-0.2639,0.2615,0.5125,-0.079561672,1.159520897,0.253088685
30628.124,-0.2456,-0.1704,0.1167,-0.218674822,1.413577982,-0.19158002
30628.145,0.0513,-0.2279,-0.1527,-0.383170234,1.219551478,-0.083465851
30628.164,-1.504,-0.6164,-0.1509,-0.057349643,1.221997961,0.122028542
30628.184,-2.2749,-1.0672,-0.5119,0.338267074,1.372823649,0.136911315
30628.204,-3.4044,-0.0599,-0.9627,0.711182467,1.490458716,0.584026504
30628.225,-4.4593,-0.0293,-1.1863,0.099082569,1.645188583,-0.442477064
30628.245,-3.022,-1.5253,-2.0776,0.155708461,1.845076453,-0.731437309
30628.264,-2.4734,-0.8424,-2.2376,0.36950051,1.863618756,0.242344546
30628.285,-2.6457,2.1954,-1.981,-0.062721713,1.325963303,0.798307849
30628.304,-1.8094,5.2925,-1.6652,-0.245280326,1.152191641,0.572069317
30628.324,-1.0458,4.9486,-1.3549,-0.09127421,0.991355759,0.116167176
30628.344,-0.9774,-1.2187,-1.3378,-0.162293578,0.790988787,-0.297013252
30628.365,-0.8161,-3.3188,-1.5186,-0.296289501,0.610632008,-0.281396534
30628.384,-1.1313,-2.4545,-1.6994,-0.178165138,0.553761468,-0.170835882
30628.405,-1.3445,-1.1814,-1.565,0.060285423,0.472008155,0.087859327
30628.424,-1.4801,-1.1802,-1.0232,0.202813456,0.434179409,0.186218145
30628.445,-1.2865,-2.0201,-0.6689,0.165718654,0.393180428,0.150336391
30628.464,-0.7318,-2.3555,-0.5357,0.188409786,0.329969419,0.120560652
30628.484,-0.1271,-1.9859,-0.35,0.238440367,0.285300714,0.053445464
30628.505,0.4924,-1.4642,-0.0574,0.18304791,0.258939857,0.049541284
30628.524,1.372,-0.6359,0.2743,0.09030581,0.328746177,0.195728848
30628.545,1.9597,-0.1723,0.6084,0.081029562,0.507635066,0.460784913
30628.565,2.5748,0.3464,1.1038,-0.189388379,0.939133537,0.570601427
30628.585,3.2803,0.6994,1.1955,-0.70069317,1.841896024,0.69166157
30628.605,2.7782,0.5858,1.1894,-0.824179409,2.385902141,1.802609582
30628.624,-0.2169,-1.7471,0.7428,-0.509102956,1.591009174,1.280570846
30628.644,-1.102,-3.0354,-0.5492,-0.508369011,0.824424057,0.25088685
30628.664,-0.3848,-0.2914,-1.4844,-0.207940877,1.002833843,-0.013180428
30628.684,-0.4203,2.0415,-1.0641,0.216962283,1.742813456,-0.101039755
30628.705,-0.0513,1.408,-0.0031,0.06540265,2.011763507,-0.608430173
30628.724,-0.5956,0.8289,0.0843,0.075412844,0.634546381,0.328012232
30628.744,-2.0238,0.0611,-0.5528,0.329235474,-0.076636086,0.208664628
30628.764,-0.5559,-1.0623,-0.3439,0.061743119,0.438817533,-0.039785933
30628.785,0.5547,-1.6774,0.2144,0.130081549,1.165861366,-0.581834862
30628.804,0.9627,0.0623,0.9456,0.321916412,1.256646279,-0.31922528
30628.824,0.9872,2.5265,1.7471,0.220876656,1.488501529,0.492996942
30628.844,0.9316,3.1612,1.9914,0.074189602,1.395514781,0.164740061
30628.864,1.7623,1.3066,1.4123,-0.13520897,1.22224261,-0.27285423
30628.884,1.8295,-0.2352,0.6445,-0.481284404,0.873965341,0.02196738
30628.905,1.562,-1.5418,0.4539,-0.221600408,0.730703364,0.009520897
30628.924,1.6066,-1.5547,0.8406,-0.108603466,0.78049949,0.027818552
30628.945,1.551,-1.2492,0.8601,-0.073700306,0.792701325,0.214281346
30628.964,1.6512,-1.1008,0.6958,0.032456677,0.851518858,0.139602446
30628.984,2.003,-0.6261,0.6512,-0.014648318,0.869571865,0.02049949
30629.004,2.0354,0.0507,0.5657,-0.074678899,0.80343527,0.013425076
30629.025,1.565,0.3995,0.5339,-0.055891947,0.795137615,0.007319062
30629.045,1.4148,0.5003,0.6035,0.05540265,0.82930683,0.137155963
30629.064,1.3494,0.6512,0.642,0.039051988,0.745107034,0.175474006
30629.084,1.4404,0.7996,0.6078,-0.072487258,0.782446483,0.08224261
30629.104,1.4306,0.6164,0.6762,-0.306289501,1.196126402,-0.008542304
30629.124,1.0482,0.1637,0.7538,-0.321671764,1.037971458,-0.012201835
30629.145,0.3464,0.3115,0.6561,-0.120805301,0.875433231,0.097380224
30629.164,-0.1478,0.3372,0.4026,-0.090540265,1.17196738,0.219164118
30629.184,-0.2486,0.047,0.0208,-0.152538226,1.451651376,-0.122028542
30629.204,-0.8546,0.1258,-0.2028,-0.304831804,1.13706422,0.173771662
30629.224,-2.2584,0.0312,-0.507,0.247716616,1.181233435,0.050030581
30629.244,-3.1716,-0.2419,-0.7428,0.541559633,1.31204893,0.927910296
30629.264,-4.8717,0.4814,-1.055,0.024648318,1.748674822,-0.172793068
30629.284,-4.0946,-0.8796,-1.5485,0.048807339,2.011029562,-0.856156983
30629.305,-2.8924,-2.7764,-2.1026,0.051009174,2.218970438,-0.578664628
30629.324,-3.0549,-1.0214,-2.1667,0.247961264,1.625423038,1.066778797
30629.344,-2.835,3.2156,-1.7562,0.127889908,1.118267074,0.795137615
30629.364,-0.1875,6.2992,-1.0427,-0.136432212,1.086055046,0.559867482
30629.384,-1.2639,2.361,-1.3702,-0.017084608,1.002589195,-0.023425076
30629.404,-1.0941,-1.948,-1.2773,0.025382263,0.765851172,-0.308002039
30629.424,-1.0794,-2.7306,-1.1387,-0.108603466,0.621610601,-0.175474006
30629.444,-1.4801,-1.3005,-1.1539,-0.011712538,0.494220183,0.043445464
30629.465,-1.6481,-0.5223,-0.8363,0.097380224,0.340948012,0.177186544
30629.484,-1.5033,-1.2321,-0.4502,0.05393476,0.256748216,0.157176351
30629.505,-1.0733,-1.9621,-0.2004,0.050764526,0.211845056,0.10567788
30629.524,-0.4343,-1.8503,0.0666,0.124464832,0.191824669,0.080784913
30629.544,0.441,-1.0562,0.5412,0.177675841,0.264311927,-0.029041794
30629.564,1.0403,-0.7214,0.766,0.283598369,0.323863405,0.02049949
30629.584,1.5522,-0.1753,0.9108,0.244057085,0.448817533,0.293353721
30629.604,2.0831,0.4349,1.0153,-0.151314985,0.819785933,0.651141692
30629.625,2.7532,0.5815,0.9157,-0.661396534,1.668134557,0.79196738
30629.644,3.1374,0.3409,0.8094,-0.778542304,2.241182467,1.925851172
30629.664,0.6683,-1.0427,0.5339,-0.643088685,1.49509684,1.333037717
30629.684,-0.6823,-2.6939,-0.8381,-0.62185525,0.623567788,0.254311927
30629.705,0.0006,-0.7306,-1.5736,-0.325086646,0.929123344,-0.213302752
30629.725,-0.3549,1.4325,-1.1325,0.311416922,1.708154944,0.225025484
30629.744,-0.3659,1.3958,-0.1411,0.289449541,2.344658512,-0.527655454
30629.764,-0.2566,0.8265,0.0415,0.001712538,1.266167176,1.157808359
30629.785,-2.3335,0.7227,-0.8125,0.334118247,0.313608563,-0.294576962
30629.804,-1.3152,-1.5284,-0.7349,0.329969419,0.245280326,-0.079317023
30629.825,-0.1631,-1.3176,0.3146,0.152538226,0.640652396,-0.489092762
30629.844,0.7911,0.2859,0.7208,0.202813456,1.026014271,-0.339235474
30629.864,1.1405,2.5852,1.347,0.186462793,1.414556575,-0.016595311
30629.884,1.16,4.1185,1.8735,-0.086391437,1.767461774,0.437594292
30629.904,1.6622,2.6848,1.8528,-0.17254842,1.508521916,-0.099816514
30629.925,2.0226,0.2468,1.2168,-0.66579001,0.944260958,0.160835882
30629.945,1.6444,-1.3689,0.4276,-0.219164118,0.698491335,0.180356779
30629.964,1.4306,-1.6475,0.722,0.014159021,0.803190622,0.004882773
30629.985,1.4948,-1.7233,0.9316,-0.069551478,0.749745158,0.178409786
30630.004,1.6371,-1.7886,0.7019,-0.025137615,0.743639144,0.05783894
30630.025,2.0562,-1.2798,0.6371,0.006106014,0.828328236,-0.064678899
30630.044,2.1906,-0.2486,0.5993,-0.068583078,0.825158002,0.06687054
30630.064,1.7917,0.4966,0.4575,-0.072976555,0.810998981,0.114220183
30630.084,1.7923,0.6133,0.5101,0.004148828,0.839072375,0.074923547
30630.104,1.8631,0.8039,0.5974,0.003414883,0.773659531,0.11324159
30630.124,1.7697,0.9823,0.6561,-0.063211009,0.744617737,0.013425076
30630.145,1.5156,0.9994,0.7508,-0.253577982,1.12950051,0.005616718
30630.165,0.9346,0.5443,0.7703,-0.306044852,1.129255861,0.126422018
30630.185,0.2773,0.0421,0.6225,-0.083465851,0.916921509,-0.003170234
30630.205,0.0464,-0.1613,0.3965,-0.055158002,1.110214067,0.127400612
30630.225,-0.1625,-0.3714,-0.1454,0.035147808,1.298868502,-0.090061162
30630.244,-0.5052,-0.1649,-0.1411,-0.112507645,1.223700306,0.054424057
30630.264,-1.857,0.2401,-0.2401,-0.108358818,1.253965341,0.020744139
30630.284,-2.8955,0.1704,-0.5235,0.361447503,1.591987768,0.416116208
30630.304,-4.2748,0.4862,-0.8625,0.401478084,1.606381244,0.715575943
30630.324,-4.6377,-0.0959,-1.5791,-0.077859327,1.82872579,-0.774882773
30630.345,-2.6151,-2.1698,-2.3964,0.116167176,2.10401631,-0.893251784
30630.364,-2.6053,-1.2889,-1.9609,0.683119266,1.577094801,1.103139653
30630.384,-3.0152,2.9774,-1.2511,0.151314985,1.039439348,0.9745158
30630.404,-1.212,5.6762,-0.6726,-0.319714577,1.115341488,0.268705403
30630.424,-1.5241,2.1515,-0.7556,-0.044413863,0.984770642,-0.132762487
30630.444,-1.6017,-1.372,-0.4178,0.034413863,0.894954128,-0.224291539
30630.465,-1.6109,-2.2834,-0.4533,-0.189143731,0.82540265,-0.097380224
30630.484,-1.7342,-1.0134,-0.9584,-0.040998981,0.636748216,-0.030020387
30630.504,-1.678,-0.066,-1.0415,0.153995923,0.434668705,0.014648318
30630.525,-1.6139,-0.7257,-0.6432,0.081518858,0.34509684,0.134475025
30630.544,-1.4691,-1.8521,-0.4093,0.143506626,0.268950051,0.149123344
30630.565,-0.5925,-1.6298,0.0079,0.179133537,0.221111111,0.070285423
30630.585,0.2211,-1.1289,0.2034,0.153272171,0.207940877,-0.013425076
30630.604,0.8607,-0.7147,0.3763,0.20841998,0.245769623,0.085912334
30630.625,1.361,-0.3195,0.6017,0.174505607,0.334362895,0.371457696
30630.644,1.8821,0.0367,0.7306,-0.225025484,0.631620795,0.877624873
30630.665,2.5711,0.0812,0.6707,-0.770489297,1.398695209,0.964760449
30630.685,3.2773,-0.295,0.65,-0.729979613,2.313904179,1.447747197
30630.704,1.6145,-0.6793,0.6933,-0.268216106,1.784546381,1.073363914
30630.724,-0.5168,-1.9994,-0.2706,-0.017818552,0.773170234,0.554740061
30630.744,-0.3616,-0.7025,-1.1325,0.000244648,0.910825688,-0.029531091
30630.764,-0.6322,0.3048,-1.273,0.264311927,1.535606524,0.325820591
30630.784,-0.6622,1.0544,-0.4398,-0.023914373,1.822864424,-0.379266055
30630.805,-0.2914,1.1558,-0.0037,-0.246014271,1.224434251,0.967686035
30630.824,-1.3995,1.2688,-0.3714,0.108358818,0.462487258,-0.45687054
30630.845,-0.7905,-0.5614,-0.3891,0.192803262,0.383414883,-0.195973496
30630.864,-0.0727,-1.2633,0.5357,0.122517839,0.775861366,-0.410988787
30630.884,0.8515,-0.6274,0.9957,0.273588175,1.022844037,-0.44687054
30630.904,1.3763,1.1564,1.4007,0.086391437,1.301314985,-0.01049949
30630.924,1.0739,2.543,1.4661,-0.314342508,1.502905199,0.628939857
30630.944,1.5437,1.9083,1.4355,-0.187675841,1.227115189,0.151070336
30630.965,2.0091,0.9132,1.0067,-0.112262997,1.092395515,0.108603466
30630.984,1.6768,-0.5785,0.4319,-0.0190316,0.959877676,0.142283384
30631.004,1.3922,-2.1582,0.4319,-0.024892966,0.787818552,0.077370031
30631.024,1.4526,-2.6469,0.5235,0.017818552,0.605259939,0.09030581
30631.044,1.6322,-2.2266,0.5736,-0.010978593,0.66579001,0.086156983
30631.064,1.8405,-1.5321,0.5125,0.015861366,0.81783894,0.035147808
30631.084,1.8088,-0.2327,0.4643,-0.091029562,0.870795107,0.03490316
30631.104,1.6383,0.562,0.3824,-0.086636086,0.919367992,-0.06540265
30631.124,1.565,0.7501,0.3574,-0.060530071,0.935229358,-0.085178389
30631.145,1.3873,0.6842,0.3561,-0.015127421,0.91667686,0.076880734
30631.164,1.1881,0.5223,0.4099,0.029286442,0.910825688,0.217696228
30631.184,1.2156,0.3751,0.4594,0.078827727,0.888369011,0.22038736
30631.205,1.3958,0.1875,0.4844,-0.095178389,1.048715596,0.073700306
30631.224,1.3604,0.0391,0.5095,-0.304587156,1.096309888,-0.076636086
30631.245,0.741,0.3574,0.5516,-0.283843017,1.018939857,-0.077370031
30631.264,-0.4331,0.3732,0.4844,-0.178165138,1.041875637,0.034413863
30631.284,-0.5834,-0.2303,0.3415,-0.144485219,1.356717635,0.121539246
30631.304,-0.5467,-0.4844,0.1136,-0.229174312,1.227115189,-0.138868502
30631.324,-0.8241,-0.4166,-0.1552,-0.240397554,1.117777778,0.019765545
30631.344,-1.9743,-0.7153,-0.4899,0.241865443,1.559765545,0.080540265
30631.364,-2.8198,-1.3732,-0.7685,0.608195719,1.410897044,0.517889908
30631.384,-3.8081,-0.8509,-1.2107,0.332895005,1.423098879,0.060040775
30631.404,-3.8833,-0.6817,-1.5186,0.155708461,1.612731906,-0.788307849
30631.425,-2.1399,0.7184,-1.9114,0.347054027,1.639337411,-0.302385321
30631.444,-2.0782,3.6853,-1.6335,0.133496432,1.43432212,0.814658512
30631.464,-1.2358,5.2412,-1.5785,-0.268950051,1.214424057,0.508124363
30631.484,-0.7605,3.521,-1.5638,0.033924567,1.017471967,0.241620795
30631.504,-1.2156,0.5406,-1.3909,0.197196738,0.863720693,-0.083955148
30631.524,-0.7117,-1.8833,-1.1478,0.008053007,0.745840979,-0.167176351
30631.544,-0.5455,-2.5424,-1.237,-0.200122324,0.685066259,0.041977574
30631.565,-0.876,-1.8051,-1.4166,0.045147808,0.652364934,0.115198777
30631.584,-0.9792,-0.6695,-1.1613,0.111539246,0.572558614,0.12617737
30631.604,-0.711,-1.3372,-0.6939,0.155219164,0.455657492,0.161814475
30631.625,-0.3305,-1.4832,-0.4502,0.166207951,0.381702345,0.113975535
30631.644,0.1497,-1.2034,-0.1991,0.206717635,0.360468909,0.066625892
30631.664,0.5437,-0.8845,0.1509,0.205739042,0.344607543,0.054424057
30631.684,0.8406,-0.5406,0.4789,0.155708461,0.409775739,0.184260958
30631.704,1.1613,-0.1533,0.7599,0.160835882,0.542782875,0.351202854
30631.724,1.7709,0.2908,1.0214,-0.164740061,0.968664628,0.447359837
30631.744,2.4337,0.3708,1.0281,-0.709235474,1.727920489,1.129011213
30631.764,2.0843,0.0055,0.7147,-0.987940877,1.845565749,1.139255861
30631.784,0.0593,-0.8558,-0.2682,-0.914974516,1.065310907,0.598185525
30631.805,-0.2957,-0.2902,-1.1533,-0.473710499,0.574271152,0.282619776
30631.825,-0.3549,0.7679,-1.5321,0.018307849,1.024067278,-0.093720693
30631.844,-0.4496,0.6707,-1.2346,0.456146789,1.070927625,-0.07980632
30631.864,-0.1484,1.0085,-0.4197,0.473231397,1.56440367,0.153272171
30631.884,0.4569,1.0421,0.3366,0.083465851,2.894760449,1.280326198
30631.904,-0.0672,0.2999,0.6048,0.02196738,1.066044852,-0.45980632
30631.925,-2.1002,-1.8778,-0.3763,0.235025484,0.26529052,-0.640163099
30631.944,-0.3293,1.0867,0.7123,0.442966361,-0.07224261,0.498369011
30631.964,0.1057,1.5644,1.08,0.061987768,0.691416922,-0.163027523
30631.984,0.7898,1.0989,0.8369,0.07980632,1.138287462,-0.376095821
30632.005,0.9639,2.3921,1.1643,0.071997961,1.575392457,-0.186218145
30632.024,0.9572,3.2229,1.6322,0.107869521,1.804067278,-0.232589195
30632.044,1.3408,2.6609,1.7483,-0.626982671,1.466788991,0.431253823
30632.064,1.6316,0.8088,1.1949,-0.537410805,0.905942915,0.168644241
30632.084,1.7623,0.3659,0.5626,0.019276249,0.876411825,-0.049296636
30632.105,1.4954,0.1619,0.6695,0.016595311,0.857859327,0.011957187
30632.125,1.1393,-1.4197,0.4704,0.006106014,0.813200815,0.172059123
30632.145,1.3225,-0.7825,0.3488,0.016350663,0.808318043,-0.024648318
30632.164,1.5455,0.5657,0.3476,-0.089571865,0.812222222,0.008297655
30632.185,1.3561,1.2291,0.358,-0.11470948,0.846636086,0.105188583
30632.204,1.2144,1.0519,0.4496,-0.081518858,0.921070336,0.107624873
30632.224,1.3109,1.0134,0.5907,-0.08127421,0.871284404,0.069551478
30632.245,1.3604,1.2089,0.6573,-0.096156983,0.793669725,0.001957187
30632.264,1.2688,1.2181,0.6866,0.031243629,0.837359837,0.093965341
30632.284,0.9725,0.6316,0.6781,-0.106656473,1.001610601,0.019276249
30632.304,0.8864,0.2914,0.5315,-0.228440367,1.086055046,-0.197196738
30632.325,0.5809,0.3531,0.6341,-0.191345566,1.104852192,-0.01440367
30632.344,0.0819,0.3855,0.6377,-0.25088685,1.220285423,0.189877676
30632.364,0.0733,0.5046,0.3018,-0.146187564,1.30058104,-0.10420999
30632.385,0.2761,0.741,-0.1399,-0.016106014,1.340846075,-0.143751274
30632.405,-0.2755,0.6041,-0.598,0.012201835,1.430662589,-0.081029562
30632.425,-1.201,0.2364,-0.9035,0.299704383,1.400152905,-0.162782875
30632.444,-1.8619,-0.0764,-1.0629,0.698246687,1.309367992,-0.053200815
30632.465,-3.0311,0.5986,-1.3543,0.726075433,1.271539246,0.236248726
30632.485,-3.5027,1.7489,-1.6335,0.391957187,1.463363914,0.073700306
30632.504,-3.0433,2.397,-1.8167,0.297747197,1.601019368,0.011957187
30632.524,-2.4447,3.339,-1.347,-0.041243629,1.212477064,0.15961264
30632.545,-1.9743,4.3842,-0.9817,-0.129347604,1.142191641,0.183282365
30632.565,-1.4355,3.9419,-0.8149,-0.165474006,1.073608563,0.117390418
30632.584,-1.3311,2.2254,-0.8858,-0.119836901,0.923995923,0.015127421
30632.604,-1.7043,0.3787,-1.0544,-0.018797146,0.761457696,-0.036360856
30632.624,-1.8857,-0.7019,-0.8179,0.001957187,0.69019368,0.006340469
30632.644,-1.8332,-0.6048,-0.7727,0.0090316,0.661396534,0.26382263
30632.665,-1.8589,-0.6872,-0.6982,0.090540265,0.544250765,0.176452599
30632.684,-1.6029,-0.8961,-0.5479,0.060040775,0.579877676,0.222579001
30632.705,-1.2407,-0.9194,-0.336,0.03196738,0.57158002,0.225504587
30632.724,-0.7074,-0.4795,-0.1704,0.058328236,0.558399592,0.201834862
30632.744,-0.2657,-0.3806,-0.0531,0.029286442,0.52520897,0.187675841
30632.765,0.1222,-0.4172,0.0489,-0.063700306,0.491284404,0.165229358
30632.784,0.507,-0.1588,0.1692,-0.085423038,0.511304791,0.19304791
30632.805,0.9939,0.2877,0.5192,-0.115443425,0.545219164,0.328990826
30632.824,1.2822,0.609,0.6939,-0.103476045,0.618929664,0.474199796
30632.844,1.6719,0.9029,0.8051,-0.178654434,0.833455657,0.561335372
30632.865,2.0837,1.0495,0.8222,-0.469317023,1.306197757,0.852976555
30632.885,1.8711,1.0678,0.7055,-0.811243629,1.696442406,0.97598369
30632.904,0.9615,0.5327,0.3421,-0.818807339,1.495586137,0.61185525
30632.924,0.3183,-0.6652,-0.1759,-0.558154944,1.182701325,0.407329256
30632.944,-0.0953,-0.9126,-0.6933,-0.144729867,1.290570846,0.45833843
30632.964,-0.5156,-0.6011,-0.7996,0.424658512,1.282762487,0.512028542
30632.984,-0.1918,0.025,-0.1374,0.425881753,1.429928644,0.281396534
30633.004,0.1454,0.044,0.1491,0.013914373,1.13706422,-0.008786952
30633.024,-0.3775,0.6151,0.0611,0.076146789,0.676279307,-0.310438328
30633.044,-0.7691,0.9963,-0.3036,0.367308869,0.25382263,0.062966361
30633.064,0.1979,0.9175,-0.0611,0.045881753,0.605015291,-0.127155963
30633.085,1.0391,0.3622,0.2053,-0.040754332,1.119001019,0.110316004
30633.104,0.664,1.6652,0.8289,0.086880734,1.142915392,-0.043200815
30633.124,0.4129,2.6066,1.3189,0.174984709,1.034311927,0.012691131
30633.144,0.934,1.7654,1.6353,-0.025382263,1.03675841,0.11714577
30633.165,1.4111,1.1588,1.3983,-0.240642202,1.079469929,-0.085423038
30633.184,1.5492,1.1729,0.9774,-0.455168196,1.093618756,-0.12764526
30633.204,1.1894,1.4478,0.5956,-0.271630989,1.053843017,0.10420999
30633.225,0.8296,1.1087,0.661,-0.060285423,1.056279307,0.075168196
30633.244,0.8045,0.295,0.7104,-0.063944954,1.010397554,0.04637105
30633.265,0.8772,-0.5113,0.4905,-0.088593272,0.91058104,0.090540265
30633.284,0.9603,-0.9584,0.3274,-0.051987768,0.845412844,0.07224261
30633.304,1.1429,-0.912,0.325,0.004882773,0.840285423,0.004882773
30633.325,1.2627,-0.2022,0.3879,-0.025626911,0.896666667,-0.009520897
30633.345,1.1258,0.2144,0.4227,-0.082487258,0.944260958,0.002925586
30633.364,1.0269,0.4569,0.4765,-0.046615698,0.953292559,-0.030509684
30633.384,1.0721,0.4917,0.5718,-0.019520897,0.924240571,0.006106014
30633.405,1.1099,0.5895,0.5864,-0.032945973,0.846146789,0.048807339
30633.425,1.1442,0.7966,0.5437,-0.045392457,0.840040775,-0.027094801
30633.444,1.1496,0.9652,0.5638,-0.122762487,1.011620795,-0.043445464
30633.464,1.0171,0.7367,0.628,-0.2045158,1.190509684,0.02733945
30633.485,0.6994,-0.0696,0.5986,-0.216727829,1.042609582,-0.180601427
30633.504,0.5003,0.0147,0.5528,-0.096890928,0.999663609,-0.110071356
30633.524,-0.025,0.2358,0.4178,-0.075168196,1.185626911,0.262120285
30633.544,-0.1625,0.2138,0.0715,-0.048328236,1.350611621,-0.051987768
30633.565,0.2633,0.3665,-0.1698,-0.164740061,1.33401631,-0.160101937
30633.585,-0.0929,0.4197,-0.2963,-0.157176351,1.240295617,0.056860347
30633.605,-0.8809,0.0965,-0.2425,-0.14667686,1.24883792,-0.1117737
30633.624,-1.4398,0.1344,-0.4288,0.312640163,1.256646279,0.021233435
30633.644,-2.2743,0.0806,-0.6829,0.613068298,1.197828746,0.266513761
30633.664,-3.529,-0.2107,-1.0299,0.304831804,1.217849134,-0.073700306
30633.684,-3.4667,-0.4087,-1.325,0.179133537,1.363058104,-0.367798165
30633.704,-3.0977,-0.0336,-1.3751,0.268950051,1.531213048,-0.001957187
30633.724,-2.9535,1.7165,-1.2578,0.148389399,1.480203874,0.609164118
30633.745,-2.3127,4.0696,-1.0165,-0.049296636,1.212721713,0.452477064
30633.764,-1.4416,4.6297,-0.7581,-0.067359837,1.063109072,0.253577982
30633.784,-1.4881,2.6664,-0.8943,-0.047594292,0.892762487,-0.039296636
30633.804,-1.5809,-0.1185,-1.138,-0.159857288,0.746819572,-0.250407747
30633.825,-1.463,-1.2633,-1.1661,-0.246493374,0.654556575,-0.143506626
30633.844,-1.7,-0.8931,-1.0318,-0.031722732,0.533261978,0.12861366
30633.864,-1.9487,-1.0085,-0.7379,0.059062181,0.577930683,0.401478084
30633.885,-1.8302,-1.7428,-0.5284,0.089082569,0.562059123,0.223802243
30633.905,-1.0941,-1.3628,-0.391,0.099816514,0.512517839,0.188165138
30633.924,-0.5162,-0.8644,-0.2889,0.142283384,0.439062181,0.118369011
30633.944,0.0208,-0.8473,-0.1405,0.154240571,0.39293578,0.061987768
30633.964,0.5223,-0.5797,0.0202,0.054424057,0.412456677,0.143017329
30633.985,0.9236,-0.1729,0.1802,0.004638124,0.460295617,0.318735984
30634.005,1.5595,0.3012,0.5669,-0.084199796,0.583292559,0.526187564
30634.024,2.2168,0.4911,0.7251,-0.3809684,1.019918451,0.610142712
30634.045,2.6744,0.3396,0.7037,-0.895932722,1.693272171,1.385025484
30634.065,1.4704,0.2193,0.4624,-0.834434251,1.867278287,1.29911315
30634.084,0.416,-0.6469,0.2132,-0.547420999,1.209551478,0.442966361
30634.105,0.1442,-1.0073,-0.5547,-0.130326198,0.908623853,0.255524975
30634.124,-0.2663,-0.7068,-0.9346,0.16204893,1.165372069,0.309949032
30634.144,-0.4838,-0.2993,-0.8796,0.405382263,1.074097859,0.279928644
30634.164,0.0171,0.3378,-0.1509,0.099327217,1.40088685,-0.410265036
30634.184,0.8485,1.0055,0.1216,0.213058104,1.616391437,0.060040775
30634.205,-0.2749,1.6499,0.2645,-0.044179409,0.784892966,0.497635066
30634.225,-0.8351,1.2914,-0.3244,0.30116208,0.45687054,-0.077859327
30634.244,-0.1649,0.0226,-0.0635,0.17254842,0.605015291,-0.004882773
30634.264,0.5345,-0.0672,0.5302,0.049541284,0.985749235,-0.203547401
30634.285,1.0458,0.9945,1.1167,0.195728848,1.012833843,-0.254556575
30634.304,1.0226,2.5864,1.598,0.131794088,1.075321101,-0.099082569
30634.325,1.1191,2.6713,1.755,-0.12861366,1.251529052,-0.116656473
30634.345,1.6952,0.9487,1.5919,-0.598185525,1.18587156,0.131549439
30634.365,1.3286,0.7801,0.9957,-0.251620795,1.031141692,0.312884811
30634.385,1.0635,0.6646,0.6616,-0.048328236,1.039439348,0.02196738
30634.404,1.2413,-0.5705,0.5699,-0.109582059,0.935229358,0.06540265
30634.424,1.1387,-1.3378,0.4044,-0.111539246,0.82930683,0.140091743
30634.445,1.1558,-1.43,0.3806,-0.11324159,0.781957187,-0.025382263
30634.464,1.3659,-0.8955,0.3928,-0.117390418,0.787818552,-0.082487258
30634.484,1.3983,-0.2566,0.3903,-0.090784913,0.853465851,0.015127421
30634.504,1.2706,0.1136,0.3989,-0.061987768,0.912038736,-0.016350663
30634.525,1.3408,0.6548,0.452,-0.032456677,0.893007136,-0.031243629
30634.544,1.3793,0.8283,0.4759,0.004882773,0.835168196,0.073700306
30634.564,1.3653,0.865,0.4991,0.035147808,0.850295617,0.112262997
30634.585,1.3861,0.7789,0.5339,-0.027573904,1.040417941,0.043690112
30634.604,1.2688,0.372,0.576,-0.241620795,1.225902141,-0.117879715
30634.624,0.8925,0.0061,0.6426,-0.236738022,1.051151886,-0.163272171
30634.644,0.3079,0,0.7495,-0.12861366,1.023333333,0.066625892
30634.664,-0.1497,0.0672,0.6151,-0.140091743,1.236880734,0.046615698
30634.685,-0.0006,0.077,0.0428,-0.15058104,1.406503568,-0.027573904
30634.704,-0.0544,0.0195,-0.1246,-0.217696228,1.23980632,-0.129347604
30634.724,-0.4313,0.0153,-0.2327,-0.166442406,1.224434251,-0.04783894
30634.744,-1.3213,-0.014,-0.4539,0.020744139,1.236146789,0.031243629
30634.765,-2.1276,-0.248,-0.7709,0.535708461,1.302293578,0.096156983
30634.785,-3.0323,-0.5559,-0.7691,0.604281346,1.245423038,0.114220183
30634.804,-3.8454,-0.8796,-0.9652,0.168644241,1.325963303,-0.356809378
30634.824,-3.5302,-0.9102,-1.5595,0.25479103,1.5309684,-0.320937819
30634.844,-3.1991,0.1344,-1.5186,0.496411825,1.709378186,0.594770642
30634.865,-2.6762,3.9822,-1.2449,0.034413863,1.291304791,0.589398573
30634.884,-1.6823,5.1496,-1.1222,-0.15058104,1.10606524,0.392446483
30634.905,-1.551,3.5076,-1.0574,-0.052711519,0.952313965,0.004882773
30634.924,-1.3885,0.245,-1.0989,-0.189877676,0.841753313,-0.174740061
30634.944,-1.4276,-1.4985,-1.2553,-0.323618756,0.802212029,-0.017329256
30634.964,-1.6353,-1.394,-1.226,-0.06540265,0.623078491,-0.11861366
30634.984,-1.6628,-0.7825,-1.1545,-0.028307849,0.687512742,0.385127421
30635.005,-1.9548,-1.2785,-0.9676,0.194271152,0.589398573,0.197441386
30635.025,-1.2926,-1.5266,-0.4991,0.144240571,0.524230377,0.165718654
30635.044,-0.7666,-1.1955,-0.4026,0.18304791,0.422711519,0.108358818
30635.064,-0.2566,-1.1442,-0.2474,0.186462793,0.35803262,0.093231397
30635.085,0.2095,-0.9988,-0.1045,0.131794088,0.301406728,0.083221203
30635.104,0.7141,-0.5064,0.077,0.005372069,0.323374108,0.205005097
30635.125,1.171,-0.0128,0.2877,-0.053690112,0.41587156,0.414169215
30635.144,1.7287,0.2767,0.6096,-0.148389399,0.589153925,0.655045872
30635.164,2.4447,0.4276,0.8522,-0.582324159,1.232487258,0.917410805
30635.184,2.8937,0.3592,0.8418,-0.764138634,1.887054027,1.430417941
30635.204,1.0226,-0.3005,0.5999,-0.778786952,1.889979613,0.976472987
30635.224,0.4001,-1.2168,-0.1949,-0.431732926,1.287400612,0.369989806
30635.245,0.0519,-0.7074,-0.8925,-0.145698267,1.356228338,0.294332314
30635.264,-0.3231,-0.0397,-0.978,0.503975535,1.359153925,0.35559633
30635.284,-0.1802,0.4307,-0.3115,0.344118247,1.406014271,0.027818552
30635.305,0.2896,0.537,0.033,0.01146789,0.988674822,-0.22648318
30635.325,-0.5565,0.8711,-0.1967,0.631131498,0.371702345,0.509102956
30635.344,-1.3366,1.4746,-0.256,0.163272171,0.543027523,-0.177186544
30635.365,0.3189,0.4435,-0.1118,-0.048807339,0.939133537,-0.234046891
30635.384,0.9566,1.2107,1.0336,0.158634047,1.105331295,-0.388786952
30635.405,0.796,2.9884,1.8503,0.201100917,1.071896024,-0.022456677
30635.425,0.8259,3.1282,2.1747,0.127400612,1.109480122,0.017818552
30635.444,1.5418,1.6078,2.1313,-0.10567788,1.227849134,-0.332895005
30635.465,2.3757,-0.2847,1.7953,-0.762191641,1.089959225,0.224780836
30635.485,1.8796,-0.1216,1.0397,-0.129592253,1.02382263,0.465657492
30635.505,0.821,1.9468,0.5253,-0.01440367,1.067502548,-0.089571865
30635.524,1.3677,0.3476,0.6927,-0.102018349,0.885932722,0.140336391
30635.545,1.1197,-1.1637,0.4184,-0.14814475,0.770489297,0.191824669
30635.564,1.2437,-1.1649,0.4136,-0.149123344,0.775127421,-0.000489297
30635.584,1.3696,-0.5822,0.4893,-0.210621814,0.818807339,-0.021233435
30635.604,1.2339,0.0947,0.46,-0.213058104,0.879826707,0.088348624
30635.624,1.1081,0.46,0.4172,-0.155953109,0.89764526,0.000489297
30635.644,1.2083,0.7245,0.3983,-0.087125382,0.894954128,-0.069796126
30635.665,1.1894,0.9664,0.3525,-0.029041794,0.867869521,0.090784913
30635.685,0.9774,0.9255,0.328,-0.029775739,0.883730887,0.090061162
30635.705,0.9768,0.857,0.38,0.026116208,0.992334353,0.035392457
30635.724,0.9737,0.0214,0.5785,-0.058572885,1.120468909,0.027818552
30635.744,0.7715,-0.5791,0.6011,-0.147410805,1.07775739,-0.203302752
30635.764,0.4191,-0.3189,0.6072,-0.109826707,1.018205912,-0.102018349
30635.784,-0.1747,0.0904,0.4539,-0.065168196,1.214668705,0.12470948
30635.804,-0.3451,0.0837,0.1545,-0.139357798,1.459459735,-0.01049949
30635.825,-0.1155,0.0605,-0.0648,-0.197686035,1.329867482,-0.218674822
30635.845,-0.2651,0.0745,-0.1655,-0.174505607,1.263486239,-0.023669725
30635.864,-1.2168,0.3641,-0.3366,0.09420999,1.21833843,0.160591233
30635.885,-2.5559,-0.2407,-0.7868,0.461997961,1.273251784,0.069551478
30635.904,-3.3598,-0.4056,-0.8076,0.581100917,1.284719674,0.246982671
30635.924,-3.9138,-0.6402,-1.1509,0.161325178,1.41235474,-0.102262997
30635.944,-3.3555,-0.237,-1.6677,0.116901121,1.612487258,-0.358766565
30635.965,-2.8332,1.2376,-1.6609,0.262120285,1.578807339,0.216238532
30635.985,-2.4856,3.6554,-1.4667,0.000978593,1.214668705,0.543761468
30636.004,-1.5656,4.926,-1.3079,-0.190856269,1.075321101,0.394148828
30636.024,-1.0794,3.5222,-1.2663,-0.1117737,0.893985729,0.15058104
30636.044,-1.3549,0.2731,-1.339,-0.185728848,0.729979613,-0.130326198
30636.064,-1.2987,-2.3677,-1.5418,-0.196707441,0.647482161,-0.156931702
30636.084,-1.507,-1.7721,-1.4771,0.111294597,0.45980632,-0.155463812
30636.104,-1.6622,-1.4111,-1.2187,0.212568807,0.621610601,0.056860347
30636.125,-1.4093,-1.6243,-0.8027,0.132038736,0.610876656,0.20988787
30636.145,-0.9609,-1.2712,-0.6829,0.106167176,0.516422018,0.20598369
30636.165,-0.4972,-1.0562,-0.6206,0.187920489,0.43393476,0.095423038
30636.185,0.0098,-1.138,-0.4197,0.176941896,0.402201835,0.005616718
30636.204,0.4618,-1.0495,-0.2126,0.120316004,0.379021407,0.079072375
30636.225,0.8118,-0.6096,0.044,0.02196738,0.394393476,0.197686035
30636.244,1.4215,0.113,0.5333,0.015616718,0.492996942,0.397808359
30636.265,1.959,0.4569,0.8809,-0.133496432,0.671641182,0.651141692
30636.284,2.5791,0.5748,1.0073,-0.62479103,1.366228338,0.821253823
30636.305,2.7507,0.4478,0.9383,-0.925953109,2.067900102,1.265433231
30636.324,0.9358,-0.3757,0.6212,-0.761457696,1.874118247,1.100458716
30636.344,-0.2786,-2.0366,-0.0776,-0.375851172,0.935963303,0.503975535
30636.364,-0.1393,-1.463,-0.8534,-0.09030581,0.989164118,0.333384302
30636.384,-0.146,0.2004,-1.1338,0.233567788,1.126320082,0.368042813
30636.404,0.0782,0.8974,-0.3696,0.17108053,1.180509684,-0.230142712
30636.424,0.7446,0.6585,0.1674,0.222089704,1.347930683,-0.626004077
30636.445,0.4435,0.5797,0.3781,0.148634047,1.239571865,0.818083588
30636.465,-0.4575,0.6726,0.2615,0.087125382,0.73803262,0.017084608
30636.485,0.1484,0.3268,-0.1301,0.194026504,0.771957187,-0.189143731
30636.504,0.2523,0.2285,0.2615,0.106167176,0.86420999,-0.127400612
30636.524,0.6353,0.4704,0.7538,0.150825688,1.004536188,-0.320448522
30636.544,1.168,1.182,1.2376,0.166687054,0.994536188,-0.170356779
30636.564,1.2339,1.8662,1.5644,-0.037584098,1.07019368,0.003904179
30636.584,1.4899,1.1796,1.5009,-0.34266055,1.121926606,0.042466871
30636.604,1.5614,0.7495,1.1582,-0.505688073,1.028705403,0.178888889
30636.624,1.1668,0.9322,0.6842,-0.052232416,1.008195719,0.138623853
30636.644,1.1154,0.1472,0.686,-0.081029562,0.964760449,0.009520897
30636.665,1.16,-0.7428,0.4643,-0.128379205,0.846880734,0.049051988
30636.684,1.091,-1.0617,0.3231,-0.062721713,0.799286442,0.016350663
30636.705,1.1002,-0.8564,0.383,-0.077370031,0.793914373,-0.037584098
30636.725,1.135,-0.3219,0.4087,-0.065647299,0.868114169,0.029041794
30636.744,1.1142,0.1222,0.4563,-0.070530071,0.92058104,0.038073394
30636.764,1.1038,0.4044,0.4746,-0.05930683,0.957441386,0.024159021
30636.784,1.0708,0.8082,0.4789,-0.061019368,0.927176351,0.087614679
30636.804,1.0153,1.0788,0.496,-0.083465851,0.898134557,0.101284404
30636.824,1.0886,0.9878,0.5571,-0.115688073,0.845168196,0.036850153
30636.844,1.1973,0.5492,0.6707,-0.111294597,1.03138634,-0.054179409
30636.864,1.0776,0.0397,0.7569,-0.161325178,1.118022426,-0.077370031
30636.885,0.711,-0.2407,0.664,-0.122273191,1.000632008,-0.087859327
30636.904,0.3396,-0.2175,0.5272,-0.033679918,1.050173293,0.036360856
30636.924,0.0452,-0.1729,0.2486,-0.052711519,1.308634047,-0.005372069
30636.945,0.1839,-0.2651,0.0195,-0.236738022,1.390397554,-0.271875637
30636.965,0.1283,-0.2944,-0.091,-0.18304791,1.32108053,-0.10714577
30636.985,-0.4227,-0.3152,-0.0593,-0.128379205,1.319857288,-0.114220183
30637.005,-0.8827,-0.0519,-0.4062,0.184260958,1.275932722,-0.024648318
30637.024,-1.7465,0.4184,-0.8076,0.594281346,1.281060143,0.294087666
30637.044,-3.2052,0.6457,-0.865,0.205005097,1.258603466,-0.111294597
30637.064,-3.8246,-0.2486,-1.1429,0.069796126,1.337920489,-0.343139653
30637.084,-3.3335,-1.4508,-1.4746,0.270417941,1.510468909,-0.069072375
30637.104,-3.0928,0.157,-1.2541,0.391223242,1.462640163,0.512273191
30637.124,-2.3695,3.5192,-1.0739,-0.101039755,1.166350663,0.393659531
30637.144,-1.6463,5.4318,-1.0128,-0.173282365,1.070438328,0.266269113
30637.165,-1.6994,3.7696,-0.9224,0.030998981,1.022844037,0.039051988
30637.184,-1.7416,0.1087,-0.8442,-0.074434251,0.901549439,-0.148878695
30637.204,-1.6237,-1.8357,-0.9701,-0.253577982,0.772680938,-0.069551478
30637.224,-1.6921,-1.2077,-1.1038,0.41196738,0.194026504,-0.630397554
30637.245,-1.774,-0.4545,-1.1161,0.035147808,0.656513761,0.121294597
30637.264,-1.6854,-1.8637,-0.6591,0.08127421,0.560356779,0.210866463
30637.284,-1.3427,-1.6689,-0.4905,0.082487258,0.463221203,0.248939857
30637.305,-0.7648,-0.9719,-0.4026,0.18158002,0.331916412,0.114220183
30637.325,-0.0538,-0.8668,-0.2193,0.21745158,0.251865443,0.043200815
30637.345,0.5455,-0.6414,-0.0214,0.086391437,0.245769623,0.101529052
30637.364,1.0818,-0.2138,0.1814,0.044179409,0.337043833,0.332405708
30637.385,1.6163,0.0733,0.5486,-0.099327217,0.550346585,0.580856269
30637.405,2.2871,0.1851,0.8314,-0.436860347,1.155851172,0.483476045
30637.424,3.025,0.124,0.9212,-0.800020387,2.04764526,1.198318043
30637.444,0.9633,-0.4649,0.7776,-0.742426096,2.106218145,1.384536188
30637.464,-0.4331,-2.0537,-0.1051,-0.447115189,0.994046891,0.534485219
30637.485,-0.1625,-1.2113,-0.942,-0.229653415,0.616493374,0.230876656
30637.504,-0.1381,0.1252,-1.3005,-0.030020387,1.013078491,0.37706422
30637.524,-0.1497,0.6396,-0.9157,0.220632008,1.192711519,0.133985729
30637.544,0.6872,0.7831,0.0935,0.15204893,1.588083588,-0.422956167
30637.564,1.4025,0.3525,0.3653,0.255769623,1.701569827,-0.242833843
30637.584,0.6255,0.1216,0.3965,0.06540265,0.778297655,0.588175331
30637.604,-0.8925,1.1808,-0.6274,0.27675841,0.351447503,-0.025626911
30637.624,0.2285,-0.182,-0.2523,0.328012232,0.49324159,0.091029562
30637.644,0.6384,-0.2138,0.3922,0.003904179,1.08312946,-0.163272171
30637.664,0.8051,0.8173,0.9835,0.141304791,1.093618756,-0.313374108
30637.684,0.7104,2.5039,1.5944,0.116167176,1.153170234,-0.077614679
30637.704,0.7624,2.405,1.8143,-0.070285423,1.218817533,-0.237471967
30637.725,1.317,0.4869,1.606,-0.712650357,1.026748216,0.329480122
30637.744,1.485,-1.1863,1.2608,-0.25088685,0.926931702,0.336799185
30637.764,1.2779,0.0611,0.8528,-0.046860347,1.029673802,0.083710499
30637.785,1.3561,-0.0874,0.5174,-0.078583078,0.95158002,0.041977574
30637.804,1.204,-1.0324,0.4154,-0.075902141,0.835168196,0.107380224
30637.824,1.1313,-1.5033,0.3775,-0.049296636,0.821498471,-0.061498471
30637.844,1.2822,-1.3305,0.3561,-0.021722732,0.824913354,-0.103476045
30637.864,1.2846,-0.5534,0.3256,-0.037828746,0.847125382,0.015616718
30637.884,1.2058,0.1191,0.2859,-0.01440367,0.874943935,0.010733945
30637.904,1.2908,0.5082,0.3018,0.026605505,0.936687054,0.024648318
30637.925,1.4117,0.6732,0.3421,0.024159021,0.902772681,0.082487258
30637.945,1.496,0.8314,0.4667,0.066381244,0.836136595,0.102262997
30637.964,1.4783,0.9902,0.5883,-0.079317023,1.074097859,0.070285423
30637.984,1.2401,0.81,0.6439,-0.376819572,1.178307849,-0.070040775
30638.004,0.6695,0.4655,0.711,-0.292385321,1.055545362,-0.048562691
30638.024,-0.0281,0.1491,0.7709,-0.156931702,1.021620795,0.025626911
30638.044,-0.2181,-0.3341,0.5082,-0.122028542,1.262262997,0.070285423
30638.064,-0.0916,-0.4801,0.0446,-0.168888889,1.337431193,-0.112262997
30638.085,-0.0244,-0.1704,-0.2315,-0.250642202,1.179531091,-0.129102956
30638.104,-0.6158,0.1796,-0.35,-0.076880734,1.224678899,0.073221203
30638.124,-2.1014,-0.3738,-0.7404,0.313608563,1.298868502,0.077370031
30638.145,-2.8906,-0.46,-0.846,0.573781855,1.405035678,0.13520897
30638.164,-3.788,-0.5626,-1.0324,0.156197757,1.400397554,-0.238685015
30638.184,-3.6731,-1.3219,-1.6774,0.079317023,1.612976555,-0.432222222
30638.204,-3.3256,-0.8711,-1.8912,0.387808359,1.848980632,0.259918451
30638.225,-3.0592,1.6341,-1.6414,0.517155963,1.461906218,0.84833843
30638.245,-2.0537,5.1288,-1.2511,-0.084199796,1.083618756,0.565973496
30638.264,-1.2688,5.3713,-1.1826,-0.092008155,0.966462793,0.138623853
30638.285,-1.2877,0.328,-1.1606,-0.167665647,0.813200815,-0.316299694
30638.304,-1.1979,-1.9645,-1.1099,-0.278470948,0.684332314,-0.290917431
30638.324,-1.5449,-1.719,-1.0177,0.366330275,0.096646279,-1.06872579
30638.345,-1.7385,-0.7434,-1.0232,-0.260407747,0.665300714,0.524475025
30638.365,-2.1509,-1.2706,-0.956,0.058572885,0.606727829,0.289204893
30638.384,-1.4093,-1.8076,-0.5156,0.069796126,0.507155963,0.147166157
30638.404,-0.934,-1.7941,-0.4698,0.160835882,0.359011213,0.115198777
30638.424,-0.35,-1.1961,-0.2853,0.243078491,0.238440367,0.027818552
30638.445,0.2474,-1.0128,-0.0464,0.148634047,0.197196738,0.032701325
30638.464,1.1356,-0.358,0.2303,0.063211009,0.309704383,0.266269113
30638.484,1.6701,-0.0843,0.5455,-0.034658512,0.485188583,0.458093782
30638.504,2.2956,0.0666,0.7935,-0.301651376,0.831987768,0.434179409
30638.525,2.8656,0.1918,0.7434,-0.731192661,1.650805301,1.23224261
30638.544,1.6738,0.3097,0.4746,-0.890316004,2.356615698,1.682283384
30638.564,-0.0128,-0.9157,0.2016,-0.628939857,1.503639144,0.788307849
30638.584,-0.2132,-2.2315,-0.3745,-0.14667686,0.592079511,0.377553517
30638.605,-0.0727,-1.1496,-0.7874,0.214770642,0.786839959,0.14814475
30638.624,-0.1839,0.0721,-0.9578,0.229174312,1.016738022,0.340948012
30638.644,0.4991,1.0116,-0.0831,-0.037094801,1.364036697,-0.270662589
30638.664,1.3415,0.6359,0.3622,-0.040509684,1.711325178,-0.379510703
30638.684,0.5333,0.606,0.4056,-0.052477064,1.308634047,0.414648318
30638.705,-0.7715,1.3305,-0.2395,0.245769623,0.462487258,0.109826707
30638.724,-0.3372,0.7483,-0.4001,0.314587156,0.495188583,0.225993884
30638.744,0.2724,-0.7611,0.2053,0.100550459,0.870550459,-0.133741081
30638.765,1.0073,-0.7312,0.6762,0.130815494,1.067502548,-0.430275229
30638.784,1.3097,1.044,1.2321,0.174740061,1.036513761,-0.137155963
30638.804,1.1093,2.4282,1.8479,0.073944954,1.11656473,-0.054668705
30638.824,1.3757,1.4496,1.8088,-0.370723751,1.170744139,0.085912334
30638.844,1.576,0.1161,1.4704,-0.365107034,1.039439348,0.228440367
30638.865,1.171,-0.0544,0.9737,-0.067849134,1.061896024,0.183527013
30638.884,1.135,-0.7007,0.7428,-0.084689093,1.016503568,0.089816514
30638.904,1.2547,-1.3066,0.5137,-0.130570846,0.893741081,0.076146789
30638.925,1.2535,-1.3268,0.3848,-0.120560652,0.831264016,0.003904179
30638.945,1.358,-1.2022,0.3238,-0.090784913,0.819051988,-0.157176351
30638.964,1.5669,-0.4808,0.3067,-0.038562691,0.812222222,-0.087859327
30638.984,1.3225,0.4856,0.292,-0.015372069,0.800265036,0.020010194
30639.004,1.2498,0.609,0.2004,-0.008297655,0.853465851,0.022456677
30639.024,1.3586,0.584,0.201,0.071019368,0.908868502,0.074189602
30639.044,1.427,0.5284,0.3372,0.069796126,0.958409786,0.102507645
30639.064,1.4484,0.3635,0.452,-0.01049949,1.052375127,0.10714577
30639.085,1.3854,0.066,0.598,-0.161814475,1.146585117,-0.022212029
30639.105,1.1289,0.0281,0.7336,-0.245769623,1.051885831,-0.087614679
30639.124,0.5223,0.3549,0.733,-0.173282365,1.049938838,0.026850153
30639.144,-0.3073,0.3555,0.358,-0.119347604,1.197349643,0.125198777
30639.164,-0.2676,-0.1112,0.0232,-0.123007136,1.417482161,-0.036850153
30639.184,-0.1955,-0.2718,-0.1258,-0.211845056,1.261039755,-0.131304791
30639.204,-0.7245,-0.1686,-0.2266,-0.255280326,1.113873598,-0.02196738
30639.224,-1.7135,-0.0886,-0.485,0.07224261,1.142680938,0.083710499
30639.244,-2.4178,-0.3189,-0.7214,0.489092762,1.335239551,0.035392457
30639.265,-3.3976,-0.3543,-0.7844,0.211355759,1.382344546,-0.25088685
30639.284,-3.8167,-1.4044,-1.2737,0.127155963,1.55049949,-0.380489297
30639.304,-3.5174,-1.766,-1.7856,0.348022426,1.774291539,0.090540265
30639.324,-3.0238,1.7214,-1.5797,0.505932722,1.700591233,0.776350663
30639.344,-2.014,4.7024,-1.3274,0.040998981,1.217115189,0.550835882
30639.364,-1.5974,4.711,-1.1631,-0.111539246,0.929367992,0.268216106
30639.384,-1.7862,2.3017,-1.0586,0.025137615,0.843944954,-0.094454638
30639.404,-1.4258,-0.3824,-0.8687,-0.143261978,0.770244648,-0.251865443
30639.424,-1.3189,-1.5956,-1.0275,-0.354862385,0.737298675,-0.112262997
30639.444,-1.6029,-1.0501,-1.2315,-0.248450561,0.579877676,-0.101039755
30639.464,-1.7843,-0.4869,-1.19,0.028063201,0.536442406,0.168154944
30639.484,-1.7275,-1.7575,-0.4759,0.179867482,0.464689093,0.257726809
30639.504,-1.3714,-1.8644,-0.3445,0.143261978,0.383904179,0.207206932
30639.524,-0.711,-1.4881,-0.2688,0.228195719,0.31922528,0.101529052
30639.544,0.0024,-1.1771,-0.0538,0.240397554,0.297747197,-0.032456677
30639.565,0.6799,-0.6298,0.1576,0.2045158,0.310438328,0.096156983